{
  "words": [
    {
      "id": "starter-001",
      "arabic": "مرحبا",
      "arabic_diacritics": "مَرْحَبًا",
      "transliteration": "marhaba",
      "danish": "hej",
      "english": "hello",
      "tags": [
        "greetings"
      ],
      "image": null,
      "notes": "",
      "created_at": "2026-01-08T10:00:00Z",
      "updated_at": "2026-01-08T10:00:00Z"
    },
    {
      "id": "starter-002",
      "arabic": "شكرا",
      "arabic_diacritics": "شُكْرًا",
      "transliteration": "shukran",
      "danish": "tak",
      "english": "thank you",
      "tags": [
        "greetings"
      ],
      "image": null,
      "notes": "",
      "created_at": "2026-01-08T10:00:00Z",
      "updated_at": "2026-01-08T10:00:00Z"
    },
    {
      "id": "starter-003",
      "arabic": "نعم",
      "arabic_diacritics": "نَعَمْ",
      "transliteration": "na'am",
      "danish": "ja",
      "english": "yes",
      "tags": [
        "basics",
        "greetings"
      ],
      "image": null,
      "notes": "",
      "created_at": "2026-01-08T10:00:00Z",
      "updated_at": "2026-01-10T20:08:18.130120Z",
      "word_group": "",
      "grammar": {},
      "translations": {}
    },
    {
      "id": "starter-004",
      "arabic": "لا",
      "arabic_diacritics": "لَا",
      "transliteration": "la",
      "danish": "nej",
      "english": "no",
      "tags": [
        "basics",
        "greetings"
      ],
      "image": null,
      "notes": "",
      "created_at": "2026-01-08T10:00:00Z",
      "updated_at": "2026-01-10T20:08:14.783080Z",
      "word_group": "",
      "grammar": {},
      "translations": {}
    },
    {
      "id": "starter-005",
      "arabic": "ماء",
      "arabic_diacritics": "مَاء",
      "transliteration": "maa'",
      "danish": "vand",
      "english": "water",
      "tags": [
        "nouns",
        "food",
        "greetings"
      ],
      "image": null,
      "notes": "",
      "created_at": "2026-01-08T10:00:00Z",
      "updated_at": "2026-01-10T20:08:21.749852Z",
      "word_group": "",
      "grammar": {},
      "translations": {}
    },
    {
      "id": "b5de6f39-1591-4adb-82e0-3a49c55d6219",
      "arabic": "سلام",
      "arabic_diacritics": "سَلام",
      "transliteration": "salaam",
      "english": "peace",
      "danish": "fred",
      "tags": [
        "nouns",
        "greetings"
      ],
      "notes": "",
      "created_at": "2026-01-08T22:52:11.877069Z",
      "updated_at": "2026-01-10T20:08:24.779407Z",
      "image": null,
      "word_group": "",
      "grammar": {},
      "translations": {}
    }
  ],
  "tags": [
    "greetings",
    "basics",
    "nouns",
    "food",
    "verbs"
  ]
}